Workbook

Sheet 00 | جلد و هویت
A1: MAJID EISAPOUR
A3: DESIGN & SPATIAL PRACTICE | استودیو طراحی و فضا
A5: LANDSCAPE DESIGN & TECHNICAL BOQ
A8: طراحی منظر و برآورد فنی حیاط پشتی ویلای مسکونی | قائم‌شهر، مازندران
A11: «فضا فقط ساخته نمی‌شود؛ طراحی می‌شود، تجربه می‌شود و به بخشی از زندگی تبدیل می‌شود.» “Space is not merely built; it is designed, experienced, and made part of everyday life.”
A15: PROJECT / پروژه Backyard Landscape — Qaemshahr | E15: PREPARED & DESIGNED BY / تهیه و طراحی مهندس مجید عیسی پور

Sheet 01 | Project Info
A1: MAJID EISAPOUR | H1: Design & Spatial Practice | استودیو طراحی و فضا
A2: PROJECT INFORMATION
A3: مشخصات پروژه
A4: A concise bilingual project identity sheet | شناسنامه پروژه
A5: عنوان / Title | B5: مقدار / Value | C5: عنوان / Title | D5: مقدار / Value | E5: عنوان / Title | F5: مقدار / Value | G5: عنوان / Title | H5: مقدار / Value
A6: کارفرما / Client | B6: — | C6: مکان / Location | D6: قائم‌شهر، مازندران / Qaemshahr, Mazandaran | E6: مساحت سایت / Site Area | F6: ≈ 495 m² | G6: تاریخ / Date | H6: 1405 / 2026
A7: نوع پروژه / Project Type | B7: طراحی منظر حیاط ویلایی / Residential Backyard Landscape | C7: زبان طراحی / Design Language | D7: Contemporary • Natural • Architectural | E7: مقیاس مبنا / Working Scale | F7: 1:100 Concept | G7: نسخه / Revision | H7: 01
A8: رویکرد / Approach | B8: Outdoor Room / اتاقِ بیرونی | C8: برنامه / Program | D8: Kitchen Garden + Social Space + Pavilion | E8: سطح خدمات / Deliverable | F8: Concept + BOQ + Technical Notes | G8: تهیه‌کننده / Prepared by | H8: MAJID EISAPOUR
A11: Design Identity / هویت طراحی A calm, contemporary garden organized as an outdoor room: productive planting to the north, a generous green heart at the center, and an architectural social space toward the south-west. The service edge remains intact and is treated as an existing condition rather than a redesign scope. باغی معاصر و آرام که همچون یک اتاقِ بیرونی سازمان‌دهی شده است: باغ سبزیِ کاربردی در شمال، قلب سبز و باز در مرکز، و فضای اجتماعیِ معماری‌شده در جنوب‌غرب. لبه خدماتی موجود دست‌نخورده باقی می‌ماند و صرفاً به‌عنوان یک وضعیت موجود در نظر گرفته شده است.

Sheet 02 | Design Narrative
A1: MAJID EISAPOUR | H1: Design & Spatial Practice | استودیو طراحی و فضا
A2: DESIGN NARRATIVE
A3: روایت و ایده طراحی
A4: Concept, atmosphere, spatial sequence | روایت، اتمسفر و توالی فضایی
A5: ID | B5: موضوع / Topic | C5: عنوان / Title | D5: متن حرفه‌ای / Professional Narrative
A6: 01 | B6: ایده مرکزی / Core Idea | C6: OUTDOOR ROOM — اتاقِ بیرونی | D6: The garden is conceived as an extension of domestic life, not as a collection of isolated objects. باغ به‌عنوان امتداد زندگی روزمره طراحی شده است، نه مجموعه‌ای از عناصر جدا از هم.
A7: 02 | B7: توالی ورود / Arrival Sequence | C7: FROM PARKING TO GARDEN — از مسیر به باغ | D7: The entrance begins directly from the parking corridor; the path becomes a spatial threshold through texture, planting and controlled views. ورودی مستقیماً از مسیر پارکینگ آغاز می‌شود و با تغییر بافت، کاشت و کنترل دید به یک آستانه فضایی تبدیل می‌شود.
A8: 03 | B8: قلب سبز / Green Heart | C8: OPEN LAWN — میدان سبز | D8: A quiet central clearing balances the hardscape and gives the garden visual breathing room. فضای سبز مرکزی، تعادل میان کف‌سازی و کاشت را برقرار کرده و به باغ فرصت تنفس بصری می‌دهد.
A9: 04 | B9: فضای زندگی / Living Space | C9: PAVILION + TERRACE — پاویون و تراس | D9: A compact architectural pavilion and open terrace form one continuous social composition. پاویون و تراس باز به‌عنوان یک ترکیب پیوسته برای نشستن، گفت‌وگو و مکث شکل می‌گیرند.
A10: 05 | B10: آب معماری / Architectural Water | C10: LINEAR WATER — آبنمای خطی | D10: A narrow linear water element accompanies circulation as a reflective architectural line rather than a standalone fountain. آب به‌صورت یک خط باریک و بازتابنده در کنار مسیر حرکت قرار می‌گیرد، نه به‌عنوان آبنمایی مستقل و جداافتاده.

Sheet 03 | Design Basis
A1: MAJID EISAPOUR | H1: Design & Spatial Practice | استودیو طراحی و فضا
A2: DESIGN BASIS & SCOPE
A3: مبنای طراحی و دامنه کار
A4: What is included, what remains existing, and the assumptions behind the BOQ | دامنه و مبنای محاسبات
A5: کد / Code | B5: موضوع / Topic | C5: مبنای طراحی / Basis | D5: وضعیت / Status | E5: واحد / Unit | F5: مقدار / Qty | G5: یادداشت / Note | H5: توضیح / Description
A6: B-01 | B6: مساحت سایت / Site Area | C6: 20.2 × 24.5 ≈ 495 | D6: مبنای محاسبه | E6: m² | F6: 495 | G6: Conceptual | H6: Backyard only / فقط حیاط پشتی
A7: B-02 | B7: پاویون / Pavilion | C7: 5.40 × 4.80 | D7: طراحی | E7: m² | F7: 25.9 | G7: Indicative | H7: Final structural design by engineer
A8: B-03 | B8: تراس باز / Open Terrace | C8: ≈ 6.60 × 3.20 | D8: طراحی | E8: m² | F8: 21.1 | G8: Indicative | H8: Integrated with pavilion
A9: B-04 | B9: آبنمای خطی / Linear Water | C9: ≈ 11 × 0.50 | D9: طراحی | E9: m² | F9: 5.5 | G9: Indicative | H9: Reflective architectural element
A10: B-05 | B10: باغ سبزی / Kitchen Garden | C10: North zone | D10: طراحی | E10: m² | F10: ≈120 | G10: Seasonal | H10: Productive planting
A11: B-06 | B11: لبه خدماتی / Service Edge | C11: Storage + washing + lobby | D11: موجود / Existing | E11: — | F11: — | G11: Untouched | H11: No redesign included
A12: B-07 | B12: ورودی / Entry | C12: Direct from parking corridor | D12: موجود / Existing | E12: — | F12: — | G12: Integrated threshold | H12: No gate/door assumed

Sheet 04 | BOQ | برآورد
A1: MAJID EISAPOUR | H1: Design & Spatial Practice | استودیو طراحی و فضا
A2: BILL OF QUANTITIES — BOQ
A3: جدول مقادیر و برآورد هزینه
A4: Formula-driven technical estimate | برآورد فرمول‌محور و قابل کنترل
A5: کد / Code | B5: بخش و آیتم / Item | C5: شرح فنی و ریزجزئیات / Technical Description | D5: واحد / Unit | E5: مقدار / Qty | F5: قیمت واحد / Unit Rate (Toman) | G5: مبلغ کل / Total (Toman) | H5: مبنای محاسبه و نکات اجرا / Basis & Notes
A6: 01-01 | B6: تجهیز کارگاه / Site Setup | C6: محافظت از محدوده موجود، ابزار و تجهیز اولیه | D6: دستگاه | E6: 1 | F6: 35000000 | G6: =E6*F6 -> 35000000 | H6: شروع پروژه؛ بدون ورود به لبه خدماتی
A7: 02-01 | B7: خاکبرداری / Excavation | C7: برداشت موضعی برای زیرسازی مسیرها و سازه | D7: m³ | E7: 35 | F7: 450000 | G7: =E7*F7 -> 15750000 | H7: بر مبنای حدود 35 مترمکعب
A8: 02-02 | B8: خاک زراعی / Topsoil | C8: تأمین و پخش خاک اصلاح‌شده | D8: m³ | E8: 28 | F8: 700000 | G8: =E8*F8 -> 19600000 | H8: برای کاشت و باغ سبزی
A9: 02-03 | B9: کمپوست / Compost | C9: ماده آلی و اصلاح خاک | D9: m³ | E9: 8 | F9: 950000 | G9: =E9*F9 -> 7600000 | H9: اختلاط کنترل‌شده
A10: 03-01 | B10: کف‌سازی سنگ / Stone Paving | C10: سنگ طبیعی، برش، ملات/بستر، بندکشی | D10: m² | E10: 45 | F10: 3200000 | G10: =E10*F10 -> 144000000 | H10: محدوده مسیر و فضای سخت
A11: 03-02 | B11: زیرسازی / Subbase | C11: مصالح دانه‌بندی + تراکم | D11: m³ | E11: 28 | F11: 900000 | G11: =E11*F11 -> 25200000 | H11: تراکم مرحله‌ای
A12: 04-01 | B12: فونداسیون پاویون / Foundation | C12: بتن، آرماتور و قالب‌بندی اولیه | D12: m² | E12: 30 | F12: 8500000 | G12: =E12*F12 -> 255000000 | H12: طرح سازه نهایی جداگانه
A13: 04-02 | B13: اسکلت فلزی / Steel Frame | C13: پروفیل، برش، جوش، ضدزنگ و نصب | D13: kg | E13: 1200 | F13: 210000 | G13: =E13*F13 -> 252000000 | H13: وزن تقریبی؛ تأیید مهندس سازه
A14: 04-03 | B14: سقف / Roof | C14: پوسته سقف و لایه‌های آب‌بندی | D14: m² | E14: 32 | F14: 4200000 | G14: =E14*F14 -> 134400000 | H14: هماهنگ با دیتیل معماری
A15: 04-04 | B15: ترمووود / Thermowood | C15: سقف کاذب/پوسته چوبی منتخب | D15: m² | E15: 30 | F15: 3500000 | G15: =E15*F15 -> 105000000 | H15: قیمت وابسته به گونه و گرید
A16: 05-01 | B16: تراس / Terrace | C16: کف‌سازی و لبه‌سازی فضای نشستن | D16: m² | E16: 22 | F16: 3000000 | G16: =E16*F16 -> 66000000 | H16: یکپارچه با پاویون
A17: 06-01 | B17: آبنمای خطی / Linear Water | C17: کاسه، آب‌بندی، لبه سنگی و گردش آب | D17: lm | E17: 11 | F17: 15000000 | G17: =E17*F17 -> 165000000 | H17: آبنمای کم‌عمق و معماری
... A28: 12-01 | B28: کنترل کیفیت و تحویل / QA & Handover | C28: بازدید، رفع نواقص و تحویل اولیه | D28: پروژه | E28: 1 | F28: 65000000 | G28: =E28*F28 -> 65000000 | H28: دو مرحله کنترل
F29: جمع مستقیم / Direct Cost | G29: =SUM(G6:G28) -> 1772250000
F30: ذخیره ریسک و پرت 10% / Risk & Waste | G30: =G29*10% -> 177225000
F31: برآورد کل / Estimated Total | G31: =G29+G30 -> 1949475000

Sheet 05 | Material Schedule
A1: MAJID EISAPOUR | G1: Design & Spatial Practice | استودیو طراحی و فضا
A2: MATERIAL SCHEDULE
A3: جدول متریال و مشخصات
A4: Material language, application and execution intent | زبان متریال و کاربرد
A5: کد / Code | B5: متریال / Material | C5: کاربرد / Application | D5: حس و کیفیت / Character | E5: واحد / Unit | F5: مقدار / Qty | G5: یادداشت اجرایی / Execution Note
A6: M-01 | B6: سنگ طبیعی / Natural Stone | C6: مسیرها و تراس | D6: Calm • tactile • durable | E6: m² | F6: ≈67 | G6: نمونه و گرید نهایی پیش از سفارش تأیید شود
A7: M-02 | B7: ترمووود / Thermowood | C7: سقف و جزئیات پاویون | D7: Warm • precise • natural | E7: m² | F7: ≈30 | G7: زیرسازی و فاصله تهویه الزامی
A8: M-03 | B8: فلز رنگ‌شده / Coated Steel | C8: اسکلت پاویون | D8: Light • minimal • architectural | E8: kg | F8: ≈1200 | G8: ضدخوردگی مناسب رطوبت شمال
A9: M-04 | B9: بتن / Concrete | C9: فونداسیون و بسترها | D9: Mass • quiet • robust | E9: m³ | F9: ≈6 | G9: عیار و طرح اختلاط توسط مجری/مهندس
A10: M-05 | B10: آب / Water | C10: آبنمای خطی | D10: Reflective • sensory • calm | E10: lm | F10: ≈11 | G10: گردش بسته و دسترسی سرویس

Sheet 06 | Planting Schedule
A1: MAJID EISAPOUR | G1: Design & Spatial Practice | استودیو طراحی و فضا
A2: PLANTING SCHEDULE
A3: پالت کاشت و برنامه سبز
A4: A layered, seasonal and maintainable planting strategy | پالت کاشت لایه‌ای و قابل نگهداری
A5: کد / Code | B5: گروه / Group | C5: نقش / Role | D5: مکان / Zone | E5: واحد / Unit | F5: مقدار / Qty | G5: راهنمای انتخاب / Selection Guide
A6: P-01 | B6: درخت شاخص / Specimen | C6: Focal tree / نقطه کانونی | D6: مرکز باغ | E6: عدد | F6: 2 | G6: فرم معماری، سایه ملایم، سازگار با اقلیم
A7: P-02 | B7: درخت میوه / Fruit | C7: Productive layer / لایه تولیدی | D7: شمال | E7: عدد | F7: 4 | G7: گونه‌های سازگار با اقلیم و نگهداری واقعی
A8: P-03 | B8: درختچه / Shrub | C8: Structure + texture | D8: حاشیه‌ها | E8: عدد | F8: 35 | G8: ترکیب همیشه‌سبز و فصلی
A9: P-04 | B9: پرچین / Hedge | C9: Filter + frame | D9: لبه‌ها | E9: lm | F9: 25 | G9: ارتفاع نهایی کنترل‌شده
A10: P-05 | B10: سبزی فصلی / Seasonal Vegetable | C10: Edible landscape | D10: باغ سبزی شمال | E10: m² | F10: 110 | G10: تقسیم‌بندی فصلی و دسترسی راحت
A11: P-06 | B11: چمن / Lawn | C11: Visual breathing room | D11: مرکز | E11: m² | F11: 140 | G11: سطح یکدست و مقاوم

Sheet 07 | Lighting & Irrigation
A1: MAJID EISAPOUR | G1: Design & Spatial Practice | استودیو طراحی و فضا
A2: LIGHTING & IRRIGATION
A3: نورپردازی و آبیاری
A4: Invisible infrastructure, visible atmosphere | زیرساخت نامرئی، اتمسفر محسوس
A5: کد / Code | B5: سیستم / System | C5: عنصر / Element | D5: واحد / Unit | E5: مقدار / Qty | F5: اصل طراحی / Design Principle | G5: نکته فنی / Technical Note
A6: L-01 | B6: Lighting | C6: چراغ مسیر / Path Light | D6: عدد | E6: 10 | F6: Low glow / نور کم‌ارتفاع | G6: IP مناسب فضای باز؛ خیرگی کنترل شود
A7: L-02 | B7: Lighting | C7: چراغ توکار / Inground | D7: عدد | E7: 8 | F7: Accentuate architecture | G7: دسترسی سرویس و درین مناسب
A8: L-03 | B8: Lighting | C8: نور خطی آب / Water Light | D8: lm | E8: 10 | F8: Continuous reflection | G8: کاملاً مناسب محیط مرطوب
A9: I-01 | B9: Irrigation | C9: شبکه اصلی / Main Line | D9: lm | E9: 120 | F9: Efficient distribution | G9: تفکیک زون‌های آبیاری
A10: I-02 | B10: Irrigation | C10: خط قطره‌ای / Drip Line | D10: lm | E10: 350 | F10: Water efficiency | G10: ویژه باغ سبزی و کاشت
A11: I-03 | B11: Irrigation | C11: شیر برقی / Solenoid Valve | D11: عدد | E11: 6 | F11: Zone control | G11: دسترسی برای تعمیرات

Sheet 08 | Technical Notes
A1: MAJID EISAPOUR | F1: Design & Spatial Practice | استودیو طراحی و فضا
A2: TECHNICAL NOTES & QA
A3: یادداشت‌های اجرایی و کنترل کیفیت
A4: Clear instructions for tender, execution and handover | نکات روشن برای اجرا و تحویل
A5: کد / Code | B5: موضوع / Topic | C5: دستورالعمل / Instruction
A6: 01 | B6: زیرسازی / Subbase | C6: تمام سطوح سخت پیش از اجرای لایه نهایی باید متراکم، تراز و دارای شیب کنترل‌شده باشند.
A7: 02 | B7: زهکشی / Drainage | C7: در اقلیم مرطوب، مسیر آب سطحی باید پیش از کف‌سازی حل شود؛ آب نباید به سازه پاویون هدایت شود.
A8: 03 | B8: پاویون / Pavilion | C8: ابعاد این دفتر مفهومی است؛ نقشه سازه، فونداسیون، اتصالات و جزئیات نهایی توسط مهندس ذی‌صلاح تأیید شود.
A9: 04 | B9: چوب / Timber | C9: ترمووود باید از تأمین‌کننده معتبر و با گرید مناسب فضای بیرونی تهیه شود؛ زیرسازی و تهویه پشت چوب الزامی است.
A10: 05 | B10: نور / Lighting | C10: چراغ‌های فضای باز باید برای محیط مرطوب و بارندگی انتخاب شوند؛ مسیر کابل و دسترسی تعمیرات از ابتدا پیش‌بینی شود.
A11: 06 | B11: آب / Water | C11: آبنمای خطی باید دارای گردش بسته، دسترسی سرویس، آب‌بندی مناسب و امکان تخلیه باشد.
A12: 07 | B12: کاشت / Planting | C12: گونه‌ها بر اساس رطوبت، زهکشی، نور، نگهداری و دسترسی محلی نهایی شوند؛ لیست این دفتر جایگزین انتخاب گیاه توسط مجری نیست.
A13: 08 | B13: لبه خدماتی / Existing Service Edge | C13: انبار، فضای شست‌وشوی نیمه‌باز و لابی موجود در دامنه طراحی مجدد نیستند و باید در زمان اجرا حفظ شوند.

Sheet 09 | Cost Summary
A1: MAJID EISAPOUR | G1: Design & Spatial Practice | استودیو طراحی و فضا
A2: COST SUMMARY & CONTROL
A3: خلاصه هزینه و کنترل برآورد
A4: A decision-ready financial snapshot | نمای مالی خوانا و تصمیم‌پذیر
A5: بخش / Section | B5: جمع / Total (Toman) | C5: سهم / Share | D5: کنترل / Check
A6: 01–02 | آماده‌سازی و زیرسازی | B6: =SUM('04 | BOQ | برآورد'!G6:G9) -> 77950000 | C6: =B6/$B$15 -> 0.043983637 | D6: OK
A7: 03 | کف‌سازی و محوطه سخت | B7: =SUM('04 | BOQ | برآورد'!G10:G11) -> 169200000 | C7: =B7/$B$15 -> 0.095471858 | D7: OK
A8: 04 | پاویون | B8: =SUM('04 | BOQ | برآورد'!G12:G15) -> 746400000 | C8: =B8/$B$15 -> 0.42115954 | D8: OK
A9: 05–06 | تراس و آب | B9: =SUM('04 | BOQ | برآورد'!G16:G17) -> 231000000 | C9: =B9/$B$15 -> 0.13034278 | D9: OK
A10: 07 | آبیاری | B10: =SUM('04 | BOQ | برآورد'!G18:G19) -> 129050000 | C10: =B10/$B$15 -> 0.07281704 | D10: OK
A11: 08 | کاشت و چمن | B11: =SUM('04 | BOQ | برآورد'!G20:G23) -> 117050000 | C11: =B11/$B$15 -> 0.066045987 | D11: OK
A12: 09 | باغ سبزی | B12: =SUM('04 | BOQ | برآورد'!G24:G24) -> 135000000 | C12: =B12/$B$15 -> 0.076174355 | D12: OK
A13: 10 | نورپردازی | B13: =SUM('04 | BOQ | برآورد'!G25:G27) -> 101600000 | C13: =B13/$B$15 -> 0.057328255 | D13: OK
A14: 12 | کنترل کیفیت | B14: =SUM('04 | BOQ | برآورد'!G28:G28) -> 65000000 | C14: =B14/$B$15 -> 0.036676541 | D14: OK
A15: جمع مستقیم / Direct Cost | B15: =SUM(B6:B14) -> 1772250000
A16: ذخیره 10% / Risk & Waste | B16: =B15*10% -> 177225000
A17: برآورد کل / Estimated Total | B17: =B15+B16 -> 1949475000
A20: DIRECT COST هزینه مستقیم | D20: RISK / WASTE ذخیره ریسک
A21: =B15 -> 1772250000 | D21: =B16 -> 177225000
A23: ESTIMATED TOTAL برآورد کل | D23: SITE AREA مساحت سایت
A24: =B17 -> 1949475000 | D24: ='01 | Project Info'!F6 -> ≈ 495 m²

Sheet 10 | Revision Log
A1: MAJID EISAPOUR | F1: Design & Spatial Practice | استودیو طراحی و فضا
A2: REVISION LOG & DOCUMENT CONTROL
A3: تاریخچه نسخه‌ها و کنترل مدارک
A4: Keep every issue traceable | کنترل نسخه و گردش مستندات
A5: نسخه / Rev. | B5: تاریخ / Date | C5: شرح تغییر / Description | D5: تهیه / Prepared | E5: بررسی / Checked | F5: تأیید / Approved
A6: 01 | B6: 1405/07/10 | C6: نسخه پایه BOQ | D6: مهندس مجید عیسی پور | E6: — | F6: —
A7: 02 | B7: — | C7: — | D7: — | E7: — | F7: —
A8: 03 | B8: — | C8: — | D8: — | E8: — | F8: —
